S_N,Name,Phone_Number,user_name,domain,email_address
1,John Doe,237680841265,johndoe,@helpinghands.cm,johndoe@helpinghands.cm
2,Josse Merrick,237666250548,jossemerrick,@helpinghands.cm,jossemerrick@helpinghands.cm
3,Aba Liza,237650235897,abaliza,@helpinghands.cm,abaliza@helpinghands.cm
4,Martin Lawrence Pr,237654789630,martinlawrencepr,@helpinghands.cm,martinlawrencepr@helpinghands.cm
5,Arinwe Paul,237670254789,arinwepaul,@helpinghands.cm,arinwepaul@helpinghands.cm
6,Mua Derrick,237656902457,muaderrick,@helpinghands.cm,muaderrick@helpinghands.cm
7,Njuh Bless,237688487921,njuhbless,@helpinghands.cm,njuhbless@helpinghands.cm
8,Kum Eve,237690999875,kumeve,@helpinghands.cm,kumeve@helpinghands.cm
9,Bah Susan,237698562140,bahsusan,@helpinghands.cm,bahsusan@helpinghands.cm
10,Diboh Hans,237650247845,dibohhans,@helpinghands.cm,dibohhans@helpinghands.cm
11,Gaelle Bote,237677896541,gaellebote,@helpinghands.cm,gaellebote@helpinghands.cm
12,Arrey Javis,237658972541,arreyjavis,@helpinghands.cm,arreyjavis@helpinghands.cm
13,Koh Linus,237620222145,kohlinus,@helpinghands.cm,kohlinus@helpinghands.cm
14,Bang Elisabeth,237650247896,bangelisabeth,@helpinghands.cm,bangelisabeth@helpinghands.cm
15,Dani Borde,237670758524,daniborde,@helpinghands.cm,daniborde@helpinghands.cm
16,Ankel Luna,237670774589,ankelluna,@helpinghands.cm,ankelluna@helpinghands.cm
17,Matilda Asoh,234562897799,matildaasoh,@helpinghands.cm,matildaasoh@helpinghands.cm
18,Mary Pin,233505478963,marypin,@helpinghands.cm,marypin@helpinghands.cm
19,Jong Akum,442568978521,jongakum,@helpinghands.cm,jongakum@helpinghands.cm
20,Un Bing Tang,401587963284,unbingtang,@helpinghands.cm,unbingtang@helpinghands.cm
21,Mua Lucy,256897452310,mualucy,@helpinghands.cm,mualucy@helpinghands.cm
22,Akinbom Emmet,156879542125,akinbomemmet,@helpinghands.cm,akinbomemmet@helpinghands.cm
23,Kang Fidelis,237658952458,kangfidelis,@helpinghands.cm,kangfidelis@helpinghands.cm
24,Ngwa Emma,237656892459,ngwaemma,@helpinghands.cm,ngwaemma@helpinghands.cm
,,,,@helpinghands.cm,@helpinghands.cm
